Authors,Title,Publication,Volume,Number,Pages,Year,Publisher
"Nakayama, Yoshiharu; Awai, Kazuo; Funama, Yoshinori; Hatemura, Masahiro; Imuta, Masanori; Nakaura, Takeshi; Ryu, Da; Morishita, Shoji; Sultana, Shamima; Sato, Natsuko; ","Abdominal CT with low tube voltage: preliminary observations about radiation dose, contrast enhancement, image quality, and noise",Radiology,237,3,945-951,2005,Radiological Society of North America
"Nakayama, Yoshiharu; Awai, Kazuo; Funama, Yoshinori; Liu, Duo; Nakaura, Takeshi; Tamura, Yoshitaka; Yamashita, Yasuyuki; ",Lower tube voltage reduces contrast material and radiation doses on 16-MDCT aortography,American Journal of Roentgenology,187,5,W490-W497,2006,American Roentgen Ray Society
"Namimoto, Tomohiro; Awai, Kazuo; Nakaura, Takeshi; Yanaga, Yumi; Hirai, Toshinori; Yamashita, Yasuyuki; ",Role of diffusion-weighted imaging in the diagnosis of gynecological diseases,European radiology,19,3,745-760,2009,Springer-Verlag Berlin/Heidelberg
"Oda, Seitaro; Awai, Kazuo; Liu, Duo; Nakaura, Takeshi; Yanaga, Yumi; Nomori, Hiroaki; Yamashita, Yasuyuki; ",Ground-glass opacities on thin-section helical CT: differentiation between bronchioloalveolar carcinoma and atypical adenomatous hyperplasia,American Journal of Roentgenology,190,5,1363-1368,2008,Am Roentgen Ray Soc
"Konishi, Masaaki; Sugiyama, Seigo; Sugamura, Koichi; Nozaki, Toshimitsu; Ohba, Keisuke; Matsubara, Junichi; Matsuzawa, Yasushi; Sumida, Hitoshi; Nagayoshi, Yasuhiro; Nakaura, Takeshi; ",Association of pericardial fat accumulation rather than abdominal obesity with coronary atherosclerotic plaque formation in patients with suspected coronary artery disease,Atherosclerosis,209,2,573-578,2010,Elsevier
"Namimoto, Tomohiro; Yamashita, Yasuyuki; Awai, Kazuo; Nakaura, Takeshi; Yanaga, Yumi; Hirai, Toshinori; Saito, Tetsuo; Katabuchi, Hidetaka; ",Combined use of T2-weighted and diffusion-weighted 3-T MR imaging for differentiating uterine sarcomas from benign leiomyomas,European radiology,19,11,2756-2764,2009,Springer-Verlag Berlin/Heidelberg
"Nakaura, Takeshi; Nakamura, Shinichi; Maruyama, Natsuki; Funama, Yoshinori; Awai, Kazuo; Harada, Kazunori; Uemura, Shouzaburou; Yamashita, Yasuyuki; ",Low contrast agent and radiation dose protocol for hepatic dynamic CT of thin adults at 256–detector row CT: effect of low tube voltage and hybrid iterative reconstruction algorithm on image quality,Radiology,264,2,445-454,2012,"Radiological Society of North America, Inc."
"Nakaura, Takeshi; Awai, Kazuo; Maruyama, Natsuki; Takata, Noboru; Yoshinaka, Ichiro; Harada, Kazunori; Uemura, Shouzaburou; Yamashita, Yasuyuki; ",Abdominal dynamic CT in patients with renal dysfunction: contrast agent dose reduction with low tube voltage and high tube current–time product settings at 256–detector row CT,Radiology,261,2,467-476,2011,"Radiological Society of North America, Inc."
"Kidoh, M; Nakaura, T; Nakamura, S; Tokuyasu, S; Osakabe, H; Harada, K; Yamashita, Y; ",Reduction of dental metallic artefacts in CT: value of a newly developed algorithm for metal artefact reduction (O-MAR),Clinical radiology,69,1,e11-e16,2014,WB Saunders
"Itatani, R; Namimoto, T; Atsuji, S; Katahira, K; Morishita, S; Kitani, K; Hamada, Y; Kitaoka, M; Nakaura, T; Yamashita, Y; ",Negative predictive value of multiparametric MRI for prostate cancer detection: outcome of 5-year follow-up in men with negative findings on initial MRI studies,European journal of radiology,83,10,1740-1745,2014,Elsevier
"Nagayama, Yasunori; Oda, Seitaro; Nakaura, Takeshi; Tsuji, Akinori; Urata, Joji; Furusawa, Mitsuhiro; Utsunomiya, Daisuke; Funama, Yoshinori; Kidoh, Masafumi; Yamashita, Yasuyuki; ",Radiation dose reduction at pediatric CT: use of low tube voltage and iterative reconstruction,Radiographics,38,5,1421-1440,2018,Radiological Society of North America
"Higaki, Toru; Nakamura, Yuko; Tatsugami, Fuminari; Nakaura, Takeshi; Awai, Kazuo; ",Improvement of image quality at CT and MRI using deep learning,Japanese journal of radiology,37,1,73-80,2019,Springer Japan Tokyo
"Oda, Seitaro; Emoto, Takafumi; Nakaura, Takeshi; Kidoh, Masafumi; Utsunomiya, Daisuke; Funama, Yoshinori; Nagayama, Yasunori; Takashio, Seiji; Ueda, Mitsuharu; Yamashita, Taro; ",Myocardial late iodine enhancement and extracellular volume quantification with dual-layer spectral detector dual-energy cardiac CT,Radiology: Cardiothoracic Imaging,1,1,e180003,2019,Radiological Society of North America
"Kidoh, Masafumi; Shinoda, Kensuke; Kitajima, Mika; Isogawa, Kenzo; Nambu, Masahito; Uetani, Hiroyuki; Morita, Kosuke; Nakaura, Takeshi; Tateishi, Machiko; Yamashita, Yuichi; ",Deep learning based noise reduction for brain MR imaging: tests on phantoms and healthy volunteers,Magnetic resonance in medical sciences,19,3,195-206,2020,Japanese Society for Magnetic Resonance in Medicine
"Nagayama, Yasunori; Inoue, Taihei; Oda, Seitaro; Tanoue, Shota; Nakaura, Takeshi; Ikeda, Osamu; Yamashita, Yasuyuki; ",Adrenal adenomas versus metastases: diagnostic performance of dual-energy spectral CT virtual noncontrast imaging and iodine maps,Radiology,296,2,324-332,2020,Radiological Society of North America
"Nakaura, Takeshi; Higaki, Toru; Awai, Kazuo; Ikeda, Osamu; Yamashita, Yasuyuki; ",A primer for understanding radiology articles about machine learning and deep learning,Diagnostic and Interventional Imaging,101,12,765-770,2020,Elsevier Masson
"Ueda, Daiju; Kakinuma, Taichi; Fujita, Shohei; Kamagata, Koji; Fushimi, Yasutaka; Ito, Rintaro; Matsui, Yusuke; Nozaki, Taiki; Nakaura, Takeshi; Fujima, Noriyuki; ",Fairness of artificial intelligence in healthcare: review and recommendations,Japanese journal of radiology,42,1,3-15,2024,Springer Nature Singapore Singapore
"Nakaura, Takeshi; Yoshida, Naofumi; Kobayashi, Naoki; Shiraishi, Kaori; Nagayama, Yasunori; Uetani, Hiroyuki; Kidoh, Masafumi; Hokamura, Masamichi; Funama, Yoshinori; Hirai, Toshinori; ",Preliminary assessment of automated radiology report generation with generative pre-trained transformers: comparing results to radiologist-generated reports,Japanese Journal of Radiology,42,2,190-200,2024,Springer Nature Singapore Singapore
"Nakaura, Takeshi; Ito, Rintaro; Ueda, Daiju; Nozaki, Taiki; Fushimi, Yasutaka; Matsui, Yusuke; Yanagawa, Masahiro; Yamada, Akira; Tsuboyama, Takahiro; Fujima, Noriyuki; ",The impact of large language models on radiology: a guide for radiologists on the latest innovations in AI,Japanese journal of radiology,42,7,685-696,2024,Springer Nature Singapore Singapore
"Ueda, Daiju; Walston, Shannon L; Fujita, Shohei; Fushimi, Yasutaka; Tsuboyama, Takahiro; Kamagata, Koji; Yamada, Akira; Yanagawa, Masahiro; Ito, Rintaro; Fujima, Noriyuki; ",Climate change and artificial intelligence in healthcare: Review and recommendations towards a sustainable future,Diagnostic and interventional imaging,105,11,453-459,2024,Elsevier Masson
